<?xml version="1.0" encoding="UTF-8"?>
<beans xmlns="http://www.springframework.org/schema/beans"
	xmlns:xsi="http://www.w3.org/2001/XMLSchema-instance" xmlns:mvc="http://www.springframework.org/schema/mvc"
	xmlns:context="http://www.springframework.org/schema/context"
	xsi:schemaLocation="
		http://www.springframework.org/schema/beans 
		http://www.springframework.org/schema/beans/spring-beans-3.0.xsd
		http://www.springframework.org/schema/mvc
		http://www.springframework.org/schema/mvc/spring-mvc-3.0.xsd
		http://www.springframework.org/schema/context 
		http://www.springframework.org/schema/context/spring-context-3.0.xsd">

	<!-- INFO 1 : si aucun bean de stratégie de Mapping Requête / Controleur n'est déclaré, alors 
		le DispatcherServlet crée et utilise BeanNameUrlHandlerMapping et DefaultAnnotationHandlerMapping 
		(Mappe requêtes avec méthodes de Controlleurs annotées par @RequestMapping) -->

	<!-- INFO 2 : auto decouverte des controleurs -->
	<context:component-scan base-package="com.objis.springmvcdemo.controleur" />
	
	<!-- INFO 3 : Resolution de la vue -->
	<bean
		class="org.springframework.web.servlet.view.InternalResourceViewResolver">
		<property name="prefix" value="/WEB-INF/jsp/" />
		<property name="suffix" value=".jsp" />
	</bean>

	<!-- INFO 4 : l'annotation suivante ajoute fonctionnalités : 
	Gestion paramètres de requêtes, Validation	(jsr 303), conversion message, formatage des champs -->
	<mvc:annotation-driven />

	<!-- INFO 5 : gestion ressources statiques les ressources statiques (images, css,...) 
	sont rangées dans répertoire 'res' et accessible via url /ressources/**--> 
	<mvc:resources mapping="/resources/**" location="/res/" />
	
	<bean class="com.objis.springmvcdemo.validator.CustomerValidator" />
	
	 	<!-- Register the Customer.properties -->
	<bean id="messageSource"
		class="org.springframework.context.support.ResourceBundleMessageSource">
		<property name="basename" value="com/objis/springmvcdemo/properties/Customer" />
	</bean>
	
</beans>
